[
	{
		"title": "똘똘한 한채 사자…서울 주택 외지인 매입 비중 '최대'",
		"author": "1분기 전체 거래의 30% 차지 용산구 39.4%로 가장 높아...",
		"category": "News",
		"date": "2022-05-18",
		"newsno": 75,
		"hero": "news1.jpg"
	},
	{
		"title": "'우리 아파트 사랑' 추억으로 남기세요",
		"author": "'제7회 사진 공모전' 5월말까지…7월 당선작 발표 1인당 3점까지 온라인 접수 “5월 가정의 달, 온 가족이 아파트에서 정다운 모습을 추억으로 남기세요.”",
		"category": "News",
		"date": "2022-05-17",
		"newsno": 84,
		"hero": "news2.jpg"
	},
	{
		"title": "원희룡 “무리한 집값 잡기 안 해…청년 내 집 마련안 곧 발표”",
		"author": "주거복지·안정이 정책 추진 방향 공급 확대 구체적 방안 8월 제시 청년층의 내 집 마련을 위한 구체적인 로드맵을 조만간 제시하겠다고 밝혔다.",
		"category": "News",
		"date": "2022-05-16",
		"newsno": 93,
		"hero": "news3.jpg"
	},
	{
		"title": "성남 매지봉 자락 타운하우스 ‘분당이매 더스카이52’",
		"author": "매지봉 아랫자락에 조성되는 타운하우스 ‘분당이매 더스카이52’가 5월 중 공개된다. A·B·C 총 3가지 타입의 단독주택형으로 모든 가구는 4~6대의 차를 수용...",
		"category": "News",
		"date": "2022-05-15",
		"newsno": 112,
		"hero": "news4.jpg"
	},
	
	{
		"title": "Aptmoa 이용수칙 안내드립니다.",
		"author": "1. 로그인은 꼭 해주셔야합니다. 2. 카카오 연동로그인으로 귀찮은 회원가입을 생략해보세요!",
		"date": "2022-05-15",
		"category": "Notice",
		"noticesno": 58,
		"hero": "notice.jpg"
	},
	{
		"title": "뉴스 모아보기 업데이트 완료 안내드립니다.",
		"author": "지금부터 부동산 관련 뉴스를 크롤링해서 제공해드립니다. 오늘의 뉴스 가져오기 버튼 클릭시에 오늘의 뉴스를 가져옵니다.",
		"date": "2022-05-18",
		"category": "Notice",
		"noticesno": 59,
		"hero": "notice.jpg"
	},
	{
		"title": "관심 아파트 등록하기 기능 업데이트 완료",
		"author": "관심 있는 아파트를 등록해서 그 아파트의 가격변동 차트를 알아보세요!",
		"category": "Notice",
		"date": "2022-05-22",
		"noticesno": 60,
		"hero": "notice.jpg"
	},
	{
		"title": "관심있는 아파트 지정하면 가격변동 차트를 보는게 편해요!",
		"author": "앞으로도 자주 이용할 것 같아요!",
		"category": "Q&A",
		"date": "2022-05-23",
		"qnano": 52,
		"hero": "qna.jpg"
	},
	{
		"title": "좋은 웹사이트네요!!",
		"author": "부동산 실거래가를 정확히 알고 시세를 파악할수있어 너무 간편하고 좋게되어있네요! 앞으로 자주 이용할것같아요 ^^",
		"category": "Q&A",
		"qnano": 49,
		"date": "2022-05-18",
		"hero": "qna.jpg"
	},
	{
		"title": "개선점 요구합니다.",
		"author": "실거래 정보를 쉽게 알수있어서 좋습니다. 다만 요즘 갭투기가 성행하는데 몇동 몇호도 표시가 되면 좀 더 좋지 않을까합니다. 호가도..",
		"category": "Q&A",
		"qnano": 50,
		"date": "2022-05-20",
		"hero": "qna.jpg"
	}
]
