<?xml version="1.0" encoding="UTF-8" ?>
<!DOCTYPE mapper PUBLIC "-//mybatis.org//DTD Mapper 3.0//EN" 
	"http://mybatis.org/dtd/mybatis-3-mapper.dtd">

<mapper namespace="com.pjt.aptmoa.mapper.HouseMapMapper">

	<select id="getSido" resultType="sidoGugunCodeDto">
		select left(sidoCode,2) sidoCode, sidoName
		from sidocode
		order by sidoCode
	</select>
	
	<select id="getGugunInSido" parameterType="string" resultType="sidoGugunCodeDto">
		select left(gugunCode,5) gugunCode, gugunName
		from guguncode
		where left(gugunCode,2) = #{sido}
		order by gugunCode
	</select>
	
	<select id="getDongInGugun" parameterType="string" resultType="houseInfoDto">
		select distinct dongName, dongCode
		from houseinfo
		where left(dongCode, 5) = #{gugun}
		order by dongName
	</select>
	
	<select id="getAptInDong" parameterType="string" resultType="houseInfoDto">
		select h.aptCode, h.apartmentName, h.buildyear, h.dongCode, h.jibun, h.lat, h.lng, si.sidoname, gu.gugunname,
				(select dealAmount from housedeal where aptCode = h.aptCode and no = (select max(no) from housedeal where aptCode = h.aptCode)) dealAmount
		from houseinfo h
		left join sidocode si
		on left(h.dongcode,2) = left(si.sidocode,2)
		left join guguncode gu
		on left(h.dongcode,5) = left(gu.guguncode,5)
		where dongCode = #{dong} 
		order by apartmentName
	</select>
	
	<select id="getAptInSearch" parameterType="string" resultType="houseInfoDto"> 
		select h.aptCode, h.apartmentName, h.buildyear, h.dongCode, h.jibun, h.lat, h.lng, si.sidoname, gu.gugunname, h.dong, h.roadName, h.roadNameBonbun, h.roadNameBubun,
			(select dealAmount from housedeal where aptCode = h.aptCode and no = (select max(no) from housedeal where aptCode = h.aptCode)) dealAmount
		from houseinfo h left join sidocode si on left(h.dongcode,2) = left(si.sidocode,2) left join guguncode gu on left(h.dongcode,5) = left(gu.guguncode,5)
		where apartmentName like concat('%', #{apartName} ,'%') and si.sidoname = #{sido}
		order by si.sidoname, gu.gugunname, dealAmount desc
	</select>
	
	<select id="getAptInfo" parameterType="string" resultType="houseInfoDto">
		select hi.aptCode, hi.buildYear, hi.roadName, hi.dong, hi.apartmentName, hi.jibun, hd.dealAmount, hd.dealYear, hd.dealMonth, hd.dealDay, hd.area, hd.floor, si.sidoname, gu.gugunname
		from houseinfo hi join housedeal hd on hi.aptCode = hd.aptCode left join sidocode si on left(hi.dongcode,2) = left(si.sidocode,2) left join guguncode gu on left(hi.dongcode,5) = left(gu.guguncode,5)
		where hi.aptCode = #{aptCode}
		group by hd.dealYear
	</select>
	
</mapper>