<?xml version="1.0" encoding="UTF-8"?>
<!DOCTYPE mapper
        PUBLIC "-//mybatis.org//DTD Mapper 3.0//EN"
        "http://mybatis.org/dtd/mybatis-3-mapper.dtd">
<mapper namespace="com.pjt.aptmoa.mapper.InterestMapper">
	
	<!-- 관심목록 전체 조회 -->
	<select id="selectInterestById" resultType="interest">
		select *
		from interest
		where userId = #{userId}
	</select>
	
	<!-- 관심목록 등록 -->
	<insert id="insertInterest" parameterType="interest">
		insert into interest(
			userId, aptName, buildYear, dong, aptCode
		) values (
			#{userId}, #{aptName}, #{buildYear}, #{dong}, (select aptCode from houseinfo where apartmentName = #{aptName} and dong = #{dong} limit 1)
		)
	</insert>
	
	<!-- 관심목록 삭제 -->
	<delete id="deleteInterest" parameterType="int">
		delete
		from interest
		where no = #{no}
	</delete>
	
	<!-- 관심목록 중복확인 -->
	<select id="checkInterest" parameterType="string" resultType="int">
		select count(*)
		from interest
		where userId=#{userId} and aptName=#{aptName} and dong=#{dong}
	</select>
	
</mapper>