<?xml version="1.0" encoding="UTF-8"?>
<!DOCTYPE mapper
        PUBLIC "-//mybatis.org//DTD Mapper 3.0//EN"
        "http://mybatis.org/dtd/mybatis-3-mapper.dtd">
<mapper namespace="com.pjt.aptmoa.mapper.NewsMapper">

	<!-- 뉴스 전체 조회 -->
	<select id="selectNews" resultType="news">
		select newsno, subject, content, newsurl, imgurl, date_format(regtime, '%Y/%m/%d') as regtime
		from news
		order by newsno desc
	</select>
	
	<!-- 뉴스 상세 조회 -->
	<select id="selectNewsByNo" resultType="news">
		select newsno, subject, content, newsurl, imgurl, date_format(regtime, '%Y/%m/%d') as regtime
		from news
		where newsno = #{newsno}
	</select>
	
	<!-- 뉴스 등록 -->
	<insert id="insertNews" parameterType="news">
		insert into news(
			subject, content, newsurl, imgurl, regtime
		) values (
			#{subject}, #{content}, #{newsurl}, #{imgurl}, #{regtime}
		)
	</insert>
	
	<!-- 뉴스 삭제 -->
	<delete id="deleteNews" parameterType="int">
		delete
		from news
		where newsno = #{newsno}
	</delete>

</mapper>