<?xml version="1.0" encoding="UTF-8" ?>
<!DOCTYPE mapper
        PUBLIC "-//mybatis.org//DTD Mapper 3.0//EN"
        "http://mybatis.org/dtd/mybatis-3-mapper.dtd">
<mapper namespace="com.pjt.aptmoa.mapper.NoticeMapper">

	<!-- 게시글 전체 조회 -->
	<select id="selectNotice" resultType="notice">
		select *
		from notice 
		order by noticeno desc
	</select>
	
	<!-- 게시글 상세 조회 -->
	<select id="selectNoticeByNo" resultType="notice">
		select *
		from notice 
		where noticeno = #{noticeno}
	</select>
	
	<!-- 게시글 조회수 증가 -->
	<update id="updateHit" parameterType="int">
		update notice
		set hit = hit + 1
		where noticeno = #{noticeno}
	</update>

	<!-- 게시글 등록 -->
	<insert id="insertNotice" parameterType="notice">
		insert into notice(
			subject, userId, content
		) values (
			#{subject}, #{userId}, #{content}
		)
	</insert>
	
	<!-- 게시글 수정 -->
	<update id="updateNotice" parameterType="notice">
		update notice 
		   set subject = #{subject}, 
		   	   userId = #{userId}, 
		   	   content = #{content}
		 where noticeno = #{noticeno}
	</update>

	<!-- 게시글 삭제 -->
	<delete id="deleteNotice" parameterType="int">
		delete 
		from notice 
		where noticeno = #{noticeno}
	</delete>

</mapper>

