<?xml version="1.0" encoding="UTF-8" ?>
<!DOCTYPE mapper
        PUBLIC "-//mybatis.org//DTD Mapper 3.0//EN"
        "http://mybatis.org/dtd/mybatis-3-mapper.dtd">
<mapper namespace="com.pjt.aptmoa.mapper.QnaMapper">

	<!-- 게시글 전체 조회 -->
	<select id="selectQna" resultType="qna">
		select *
		from qna 
		order by qnano desc
	</select>
	
	<!-- 게시글 상세 조회 -->
	<select id="selectQnaByNo" resultType="qna">
		select *
		from qna 
		where qnano = #{qnano}
	</select>
	
	<!-- 게시글 조회수 증가 -->
	<update id="updateHit" parameterType="int">
		update qna
		set hit = hit + 1
		where qnano = #{qnano}
	</update>

	<!-- 게시글 등록 -->
	<insert id="insertQna" parameterType="qna">
		insert into qna(
			subject, userId, content
		) values (
			#{subject}, #{userId}, #{content}
		)
	</insert>
	
	<!-- 게시글 수정 -->
	<update id="updateQna" parameterType="qna">
		update qna 
		   set subject = #{subject}, 
		   	   userId = #{userId}, 
		   	   content = #{content}
		 where qnano = #{qnano}
	</update>

	<!-- 게시글 삭제 -->
	<delete id="deleteQna" parameterType="int">
		delete 
		from qna 
		where qnano = #{qnano}
	</delete>

</mapper>

