<?xml version="1.0" encoding="UTF-8" ?>
<!DOCTYPE mapper PUBLIC "-//mybatis.org//DTD Mapper 3.0//EN" 
	"http://mybatis.org/dtd/mybatis-3-mapper.dtd">

<mapper namespace="com.pjt.aptmoa.mapper.UserMapper">

	<select id="login" parameterType="userDto" resultType="userDto">
		select userName, userId, email
		from user
		where userId = #{userId} and userPwd = #{userPwd}
	</select>
	
	<select id="userInfo" parameterType="String" resultType="userDto">
		select userName, userId, email, joindate
		from user
		where userId = #{userId}
	</select>
	
	<select id="idCheck" parameterType="string" resultType="int">
		select count(userId)
		from user
		where userId=#{userId}
	</select>
	
	<insert id="registerUser" parameterType="UserDto">
		insert into user (userId, userName, userPwd, email, joindate)
		values (#{userId}, #{userName}, #{userPwd}, #{email}, now())
	</insert>
	
	<update id="updateUser" parameterType="UserDto">
		update user
		<trim prefix="set" suffixOverrides=",">
			<if test="userPwd != null">userPwd = #{userPwd},</if>
			<if test="email != null">email = #{email},</if>
			<if test="userName != null">userName = #{userName},</if>
		</trim>
		where userId = #{userId}
	</update>
	
	<delete id="deleteUser" parameterType="String">
		delete from user
		where userId=#{userId}
	</delete>
	
	<select id="getUser" parameterType="String" resultType="userDto">
		select *
		from user
		where userId=#{userID}
	</select>
	
		<select id="getUsers" resultType="userDto">
		select *
		from user
	</select>
	
</mapper>